{
  "origin_freq": {
    "CA": 0.16166034801205406,
    "CN": 0.1476620977933314,
    "MX": 0.14037134247108,
    "VN": 0.0810731991834354,
    "JP": 0.06882473024205307,
    "MY": 0.06464469719062894,
    "SG": 0.05920093321668125,
    "IN": 0.05259064839117333,
    "KR": 0.04792456498493244,
    "TH": 0.044813842714105184,
    "TW": 0.043452901720618255,
    "ID": 0.03178769320501604,
    "PH": 0.02974628171478565,
    "KH": 0.026246719160104987
  },
  "corridor_freq": {
    "CA-US": 0.16166034801205406,
    "CN-US": 0.1476620977933314,
    "MX-US": 0.14037134247108,
    "VN-US": 0.0810731991834354,
    "JP-US": 0.06882473024205307,
    "MY-US": 0.06464469719062894,
    "SG-US": 0.05842325264897443,
    "IN-US": 0.05259064839117333,
    "KR-US": 0.04792456498493244,
    "TH-US": 0.044813842714105184,
    "TW-US": 0.043452901720618255,
    "ID-US": 0.03178769320501604,
    "PH-US": 0.02974628171478565,
    "KH-US": 0.026246719160104987,
    "SG-CA": 0.0007776805677068144
  },
  "shipper_age_max": 120.0,
  "value_q75": 352742.39,
  "weight_q25": 25111.0,
  "weight_q75": 72886.0,
  "imo_med": 9553515.0,
  "imo_std": 261345.84089476726,
  "n_training_samples": 10287
}